{"spot_diameter_fullres": 377.6555221554253, "tissue_hires_scalef": 0.04155585, "fiducial_diameter_fullres": 610.0589204049177, "tissue_lowres_scalef": 0.012466756}