{"tissue_hires_scalef": 0.04155585, "spot_diameter_fullres": 377.6555221554253}