{"tissue_hires_scalef": 0.66800267, "tissue_lowres_scalef": 0.2004008, "fiducial_diameter_fullres": 37.18403811713336, "spot_diameter_fullres": 23.01869026298732}